Actinolite,https://en.wikipedia.org/wiki/Actinolite,Dickinson,Gogebic,Gratiot,Marquette,,,,,,,,,,,,,,,,,,,,,
Aegirinaugite,https://en.wikipedia.org/wiki/Aegirinaugite,Marquette,,,,,,,,,,,,,,,,,,,,,,,,
Aegirine,https://en.wikipedia.org/wiki/Aegirine,Marquette,,,,,,,,,,,,,,,,,,,,,,,,
Albite,https://en.wikipedia.org/wiki/Albite,Dickinson,Gratiot,Houghton,Keweenaw,Marquette,,,,,,,,,,,,,,,,,,,,
Algodonite,https://en.wikipedia.org/wiki/Algodonite,Baraga,Houghton,Keweenaw,Ontonagon,,,,,,,,,,,,,,,,,,,,,
Allanite,https://en.wikipedia.org/wiki/Allanite,Gogebic,Iron,Marquette,,,,,,,,,,,,,,,,,,,,,,
Almandite,https://en.wikipedia.org/wiki/Almandite,Dickinson,Keweenaw,Marquette,,,,,,,,,,,,,,,,,,,,,,
Alunite,https://en.wikipedia.org/wiki/Alunite,Iron,,,,,,,,,,,,,,,,,,,,,,,,
Analcite,https://en.wikipedia.org/wiki/Analcite,Houghton,Keweenaw,Ontonagon,,,,,,,,,,,,,,,,,,,,,,
,,,,,,,,,,,,,,,,,,,,,,,,,,
Anatase,https://en.wikipedia.org/wiki/Anatase,Gratiot,Houghton,Keweenaw,Marquette,Ontonagon,,,,,,,,,,,,,,,,,,,,
Andalusite,https://en.wikipedia.org/wiki/Andalusite,Iron,Marquette,,,,,,,,,,,,,,,,,,,,,,,
Andesine,https://en.wikipedia.org/wiki/Andesine,Keweenaw,,,,,,,,,,,,,,,,,,,,,,,,
Andradite,https://en.wikipedia.org/wiki/Andradite,Dickinson,,,,,,,,,,,,,,,,,,,,,,,,
Anglesite,https://en.wikipedia.org/wiki/Anglesite,Marquette,,,,,,,,,,,,,,,,,,,,,,,,
Anhydrite,https://en.wikipedia.org/wiki/Anhydrite,Bay,Berrien,Gratiot,Houghton,Isabella,Kalamazoo,Kent,Keweenaw,Macomb,Manistee,Marquette,Mason,Mecosta,Midl,Monroe,Muskegon,Newaygo,Ogemaw,Ontonagon,Osceola,St. Clair,Wayne,,,
Ankerite,https://en.wikipedia.org/wiki/Ankerite,Alpena,Houghton,Keweenaw,Marquette,,,,,,,,,,,,,,,,,,,,,
Annabergite,https://en.wikipedia.org/wiki/Annabergite,Keweenaw,,,,,,,,,,,,,,,,,,,,,,,,
Anorthite,https://en.wikipedia.org/wiki/Anorthite,Dickinson,,,,,,,,,,,,,,,,,,,,,,,,
Anthonyite,https://en.wikipedia.org/wiki/Anthonyite,Houghton,,,,,,,,,,,,,,,,,,,,,,,,
Anthophyllite,https://en.wikipedia.org/wiki/Anthophyllite,Dickinson,Marquette,,,,,,,,,,,,,,,,,,,,,,,
Antigorite,https://en.wikipedia.org/wiki/Antigorite,Dickinson,Marquette,,,,,,,,,,,,,,,,,,,,,,,
Apatite,https://en.wikipedia.org/wiki/Apatite,Baraga,Dickinson,Houghton,Iron,Kalkaska,Keweenaw,Marquette,Monroe,,,,,,,,,,,,,,,,,
,,,,,,,,,,,,,,,,,,,,,,,,,,
Aphrosiderite,https://en.wikipedia.org/wiki/Aphrosiderite,Gogebic,Iron,Marquette,,,,,,,,,,,,,,,,,,,,,,
,,,,,,,,,,,,,,,,,,,,,,,,,,
Apophyllite,https://en.wikipedia.org/wiki/Apophyllite,Houghton,Keweenaw,,,,,,,,,,,,,,,,,,,,,,,
Aragonite,https://en.wikipedia.org/wiki/Aragonite,Gogebic,Iron,Jackson,Marquette,Monroe,,,,,,,,,,,,,,,,,,,,
Arsenopyrite,https://en.wikipedia.org/wiki/Arsenopyrite,Marquette,Menominee,,,,,,,,,,,,,,,,,,,,,,,
,,,,,,,,,,,,,,,,,,,,,,,,,,
Atacamite,https://en.wikipedia.org/wiki/Atacamite,Houghton,Keweenaw,Ontonagon,,,,,,,,,,,,,,,,,,,,,,
,,,,,,,,,,,,,,,,,,,,,,,,,,
Augite,https://en.wikipedia.org/wiki/Augite,Dickinson,Genesee,Gratiot,Houghton,Iron,Marquette,Ontonagon,,,,,,,,,,,,,,,,,,
,,,,,,,,,,,,,,,,,,,,,,,,,,
Awarurite,https://en.wikipedia.org/wiki/Awarurite,Marquette,,,,,,,,,,,,,,,,,,,,,,,,
Axinite,https://en.wikipedia.org/wiki/Axinite,Gogebic,Marquette,,,,,,,,,,,,,,,,,,,,,,,
Azurite,https://en.wikipedia.org/wiki/Azurite,Dickinson,Keweenaw,Marquette,Ontonagon,,,,,,,,,,,,,,,,,,,,,
Babingtonite,https://en.wikipedia.org/wiki/Babingtonite,Keweenaw,,,,,,,,,,,,,,,,,,,,,,,,
Barite,https://en.wikipedia.org/wiki/Barite,Alpena,Baraga,Eaton,Gogebic,Houghton,Iron,Keweenaw,Marquette,Monroe,Ontonagon,,,,,,,,,,,,,,,
Bassetite,https://en.wikipedia.org/wiki/Bassetite,Iron,,,,,,,,,,,,,,,,,,,,,,,,
Bastnaesite,https://en.wikipedia.org/wiki/Bastnaesite,Ontonagon,,,,,,,,,,,,,,,,,,,,,,,,
Beryl,https://en.wikipedia.org/wiki/Beryl,Baraga,Dickinson,Marquette,,,,,,,,,,,,,,,,,,,,,,
Biotite,https://en.wikipedia.org/wiki/Biotite,Marquette,,,,,,,,,,,,,,,,,,,,,,,,
Bismuthinite,https://en.wikipedia.org/wiki/Bismuthinite,Marquette,,,,,,,,,,,,,,,,,,,,,,,,
Blomstrandine,https://en.wikipedia.org/wiki/Blomstrandine,Marquette,,,,,,,,,,,,,,,,,,,,,,,,
Bornite,https://en.wikipedia.org/wiki/Bornite,Gratiot,Houghton,Iron,Keweenaw,Marquette,Ontonagon,,,,,,,,,,,,,,,,,,,
Brannerite,https://en.wikipedia.org/wiki/Brannerite,Marquette,,,,,,,,,,,,,,,,,,,,,,,,
Braunite,https://en.wikipedia.org/wiki/Braunite,Iron,Keweenaw,,,,,,,,,,,,,,,,,,,,,,,
Brochantite,https://en.wikipedia.org/wiki/Brochantite,Keweenaw,,,,,,,,,,,,,,,,,,,,,,,,
Brookite,https://en.wikipedia.org/wiki/Brookite,Genesee,Jackson,,,,,,,,,,,,,,,,,,,,,,,
Brucite,https://en.wikipedia.org/wiki/Brucite,Houghton,Marquette,,,,,,,,,,,,,,,,,,,,,,,
Brunsvigite,https://en.wikipedia.org/wiki/Brunsvigite,Marquette,,,,,,,,,,,,,,,,,,,,,,,,
Buttgenbachite,https://en.wikipedia.org/wiki/Buttgenbachite,Houghton,,,,,,,,,,,,,,,,,,,,,,,,
Bytownite,https://en.wikipedia.org/wiki/Bytownite,Dickinson,Keweenaw,,,,,,,,,,,,,,,,,,,,,,,
Calciovolborthite,https://en.wikipedia.org/wiki/Calciovolborthite,Keweenaw,,,,,,,,,,,,,,,,,,,,,,,,
Calcite,https://en.wikipedia.org/wiki/Calcite,Alpena,Arenac,Baraga,Calhoun,Chippewa,Dickinson,Eaton,Gogebic,Houghton,Huron,Iron,Jackson,Kent,Keweenaw,Marquette,Monroe,Ontonagon,Ottawa,Presque Isle,Shiawassee,St. Clair,St. Joseph,,,
Calumetite,https://en.wikipedia.org/wiki/Calumetite,Houghton,,,,,,,,,,,,,,,,,,,,,,,,
Carnallite,https://en.wikipedia.org/wiki/Carnallite,Wayne,,,,,,,,,,,,,,,,,,,,,,,,
Celestite,https://en.wikipedia.org/wiki/Celestite,Chippewa,Eaton,Kent,Marquette,Monroe,Newaygo,Wayne,,,,,,,,,,,,,,,,,,
Chalcocite,https://en.wikipedia.org/wiki/Chalcocite,Baraga,Gogebic,Houghton,Iron,Keweenaw,Marquette,Ontonagon,,,,,,,,,,,,,,,,,,
,,,,,,,,,,,,,,,,,,,,,,,,,,
Chalconatronite,https://en.wikipedia.org/wiki/Chalconatronite,Houghton,,,,,,,,,,,,,,,,,,,,,,,,
Chalcopyrite,https://en.wikipedia.org/wiki/Chalcopyrite,Alpena,Baraga,Dickinson,Gogebic,Gratiot,Houghton,Iron,Keweenaw,Marquette,Ontonagon,,,,,,,,,,,,,,,
GogebicGratiot,https://en.wikipedia.org/wiki/Gogebic_Gratiot,,,,,,,,,,,,,,,,,,,,,,,,,
Chamosite,https://en.wikipedia.org/wiki/Chamosite,Gogebic,Houghton,Iron,Keweenaw,Marquette,,,,,,,,,,,,,,,,,,,,
Chloanthite,https://en.wikipedia.org/wiki/Chloanthite,Keweenaw,,,,,,,,,,,,,,,,,,,,,,,,
Chlorite,https://en.wikipedia.org/wiki/Chlorite,Baraga,Dickinson,Gogebic,Gratiot,Houghton,Iron,Keweenaw,Marquette,Ontonagon,,,,,,,,,,,,,,,,
,,,,,,,,,,,,,,,,,,,,,,,,,,
Chloritoid,https://en.wikipedia.org/wiki/Chloritoid,Houghton,Iron,Keweenaw,Marquette,,,,,,,,,,,,,,,,,,,,,
Chromite,https://en.wikipedia.org/wiki/Chromite,Dickinson,Marquette,Ontonagon,,,,,,,,,,,,,,,,,,,,,,
,,,,,,,,,,,,,,,,,,,,,,,,,,
ChromiumSilicates,https://en.wikipedia.org/wiki/Chromium_Silicates,Gogebic,Marquette,,,,,,,,,,,,,,,,,,,,,,,
,,,,,,,,,,,,,,,,,,,,,,,,,,
Chrysocolla,https://en.wikipedia.org/wiki/Chrysocolla,Houghton,Keweenaw,Ontonagon,,,,,,,,,,,,,,,,,,,,,,
Chrysotile,https://en.wikipedia.org/wiki/Chrysotile,Dickinson,Marquette,,,,,,,,,,,,,,,,,,,,,,,
Cinnabar,https://en.wikipedia.org/wiki/Cinnabar,Baraga,,,,,,,,,,,,,,,,,,,,,,,,
Clinochlore,https://en.wikipedia.org/wiki/Clinochlore,Baraga,Marquette,,,,,,,,,,,,,,,,,,,,,,,
Clino-Chrysotile,https://en.wikipedia.org/wiki/Clino-Chrysotile,Marquette,,,,,,,,,,,,,,,,,,,,,,,,
Clinozoisite,https://en.wikipedia.org/wiki/Clinozoisite,Dickinson,Houghton,Iron,Keweenaw,Marquette,,,,,,,,,,,,,,,,,,,,
Columbite,https://en.wikipedia.org/wiki/Columbite,Dickinson,Marquette,,,,,,,,,,,,,,,,,,,,,,,
Copper,https://en.wikipedia.org/wiki/Copper,Alpena,Baraga,Dickinson,Gogebic,Gratiot,Houghton,Iron,Kent,Keweenaw,Marquette,Ontonagon,Tuscola,,,,,,,,,,,,,
,,,,,,,,,,,,,,,,,,,,,,,,,,
,,,,,,,,,,,,,,,,,,,,,,,,,,
Cordierite,https://en.wikipedia.org/wiki/Cordierite,Marquette,,,,,,,,,,,,,,,,,,,,,,,,
Corundum,https://en.wikipedia.org/wiki/Corundum,Iron,Marquette,Wayne,,,,,,,,,,,,,,,,,,,,,,
Covellite,https://en.wikipedia.org/wiki/Covellite,Keweenaw,Marquette,Ontonagon,,,,,,,,,,,,,,,,,,,,,,
,,,,,,,,,,,,,,,,,,,,,,,,,,
Cubanite,https://en.wikipedia.org/wiki/Cubanite,Marquette,,,,,,,,,,,,,,,,,,,,,,,,
Cummingtonitep,https://en.wikipedia.org/wiki/Cummingtonitep,Dickinson,Marquette,,,,,,,,,,,,,,,,,,,,,,,
,,,,,,,,,,,,,,,,,,,,,,,,,,
Cuprite,https://en.wikipedia.org/wiki/Cuprite,Houghton,Keweenaw,Ontonagon,,,,,,,,,,,,,,,,,,,,,,
,,,,,,,,,,,,,,,,,,,,,,,,,,
Datolite,https://en.wikipedia.org/wiki/Datolite,Houghton,Keweenaw,Ontonagon,,,,,,,,,,,,,,,,,,,,,,
,,,,,,,,,,,,,,,,,,,,,,,,,,
Delessite,https://en.wikipedia.org/wiki/Delessite,Houghton,Keweenaw,Ontonagon,,,,,,,,,,,,,,,,,,,,,,
,,,,,,,,,,,,,,,,,,,,,,,,,,
,,,,,,,,,,,,,,,,,,,,,,,,,,
Diabantite,https://en.wikipedia.org/wiki/Diabantite,Houghton,Keweenaw,Marquette,,,,,,,,,,,,,,,,,,,,,,
,,,,,,,,,,,,,,,,,,,,,,,,,,
Diamond,https://en.wikipedia.org/wiki/Diamond,Cass,Ingham,Iron,Kent,,,,,,,,,,,,,,,,,,,,,
Dickite,https://en.wikipedia.org/wiki/Dickite,Gogebic,Iron,Marquette,,,,,,,,,,,,,,,,,,,,,,
Digenite,https://en.wikipedia.org/wiki/Digenite,Gratiot,Keweenaw,Ontonagon,,,,,,,,,,,,,,,,,,,,,,
,,,,,,,,,,,,,,,,,,,,,,,,,,
Diopside,https://en.wikipedia.org/wiki/Diopside,Dickinson,Houghton,Keweenaw,Marquette,,,,,,,,,,,,,,,,,,,,,
Mrute,https://en.wikipedia.org/wiki/Mrute,,,,,,,,,,,,,,,,,,,,,,,,,
Dioptase,https://en.wikipedia.org/wiki/Dioptase,Ontonagon,,,,,,,,,,,,,,,,,,,,,,,,
Djurleite,https://en.wikipedia.org/wiki/Djurleite,Keweenaw,Ontonagon,,,,,,,,,,,,,,,,,,,,,,,
Dolomite,https://en.wikipedia.org/wiki/Dolomite,Alpena,Charlevoix,Dickinson,Gogebic,Houghton,Huron,Iron,Jackson,Keweenaw,Mackinac,Marquette,Monroe,Newaygo,Ontonagon,Ottawa,Wayne,,,,,,,,,
,,,,,,,,,,,,,,,,,,,,,,,,,,
,,,,,,,,,,,,,,,,,,,,,,,,,,
,,,,,,,,,,,,,,,,,,,,,,,,,,
Domeykite,https://en.wikipedia.org/wiki/Domeykite,Houghton,Keweenaw,Ontonagon,,,,,,,,,,,,,,,,,,,,,,
,,,,,,,,,,,,,,,,,,,,,,,,,,
Enstatite,https://en.wikipedia.org/wiki/Enstatite,Dickinson,Genesee,Iron,Marquette,,,,,,,,,,,,,,,,,,,,,
,,,,,,,,,,,,,,,,,,,,,,,,,,
Epidote,https://en.wikipedia.org/wiki/Epidote,Gratiot,Houghton,Keweenaw,Marquette,Ontonagon,,,,,,,,,,,,,,,,,,,,
Epsomite,https://en.wikipedia.org/wiki/Epsomite,Wayne,,,,,,,,,,,,,,,,,,,,,,,,
Erythrite,https://en.wikipedia.org/wiki/Erythrite,Keweenaw,,,,,,,,,,,,,,,,,,,,,,,,
Euclase,https://en.wikipedia.org/wiki/Euclase,Marquette,,,,,,,,,,,,,,,,,,,,,,,,
Euxenite,https://en.wikipedia.org/wiki/Euxenite,Marquette,,,,,,,,,,,,,,,,,,,,,,,,
Faujasite,https://en.wikipedia.org/wiki/Faujasite,Keweenaw,Marquette,,,,,,,,,,,,,,,,,,,,,,,
Fluorite,https://en.wikipedia.org/wiki/Fluorite,Bay,Dickinson,Eaton,Gogebic,Houghton,Isabella,Kalkaska,Keweenaw,Marquette,Monroe,Ontonagon,Wayne,Wexford,,,,,,,,,,,,
,,,,,,,,,,,,,,,,,,,,,,,,,,
,,,,,,,,,,,,,,,,,,,,,,,,,,
Freirinite,https://en.wikipedia.org/wiki/Freirinite,Keweenaw,,,,,,,,,,,,,,,,,,,,,,,,
Fuchsitep,https://en.wikipedia.org/wiki/Fuchsitep,Keweenaw,,,,,,,,,,,,,,,,,,,,,,,,
Galena,https://en.wikipedia.org/wiki/Galena,Baraga,Branch,Dickinson,Dickinson,Eaton,Gogebic,Huron,Huron,Huron,Iron,Keweenaw,Marquette,Marquette,Ontonagon,,,,,,,,,,,
,,,,,,,,,,,,,,,,,,,,,,,,,,
Gibbsite,https://en.wikipedia.org/wiki/Gibbsite,Marquette,,,,,,,,,,,,,,,,,,,,,,,,
Glauconite,https://en.wikipedia.org/wiki/Glauconite,Alger,Eaton,Huron,Jackson,,,,,,,,,,,,,,,,,,,,,
,,,,,,,,,,,,,,,,,,,,,,,,,,
Goethite,https://en.wikipedia.org/wiki/Goethite,Baraga,Calhoun,Dickinson,Gogebic,Iron,Jackson,Marquette,Monroe,Schoolcraft,VanBuren,,,,,,,,,,,,,,,
Gold,https://en.wikipedia.org/wiki/Gold,Allegan,Antrim,Baraga,Charlevoix,Dickinson,Emmet,Gogebic,Ingham,Ionia,Iron,Kalkaska,Kent,Leelanau,Livingston,Manistee,Marquette,Montcalm,Newaygo,Oakl,Oceana,Ontonagon,Ottawa,St. Joseph,Wexford,
Graphite,https://en.wikipedia.org/wiki/Graphite,Baraga,Dickinson,Gogebic,Iron,Livingston,Marquette,,,,,,,,,,,,,,,,,,,
Greenalite,https://en.wikipedia.org/wiki/Greenalite,Dickinson,Gogebic,Iron,Marquette,,,,,,,,,,,,,,,,,,,,,
Greenockite,https://en.wikipedia.org/wiki/Greenockite,Iron,Ontonagon,,,,,,,,,,,,,,,,,,,,,,,
Grunerite,https://en.wikipedia.org/wiki/Grunerite,Baraga,Dickinson,Gogebic,Iron,Marquette,,,,,,,,,,,,,,,,,,,,
Guerinite,https://en.wikipedia.org/wiki/Guerinite,Keweenaw,,,,,,,,,,,,,,,,,,,,,,,,
Gypsum,https://en.wikipedia.org/wiki/Gypsum,Arenac,Baraga,Delta,Dickinson,Eaton,Gogebic,Houghton,Huron,Ionia,Iosco,Iron,Kent,Newaygo,Ogemaw,Ontonagon,Wayne,,,,,,,,,
,,,,,,,,,,,,,,,,,,,,,,,,,,
,,,,,,,,,,,,,,,,,,,,,,,,,,
,,,,,,,,,,,,,,,,,,,,,,,,,,
,,,,,,,,,,,,,,,,,,,,,,,,,,
Halite,https://en.wikipedia.org/wiki/Halite,Alpena,Bay,Houghton,Manistee,Mason,Midland,Newaygo,Presque Isle,Saginaw,St. Clair,Wayne,,,,,,,,,,,,,,
,,,,,,,,,,,,,,,,,,,,,,,,,,
Halloysite,https://en.wikipedia.org/wiki/Halloysite,Marquette,,,,,,,,,,,,,,,,,,,,,,,,
Halotrichite,https://en.wikipedia.org/wiki/Halotrichite,Iron,,,,,,,,,,,,,,,,,,,,,,,,
Hausmannite,https://en.wikipedia.org/wiki/Hausmannite,Gogebic,Iron,Marquette,,,,,,,,,,,,,,,,,,,,,,
,,,,,,,,,,,,,,,,,,,,,,,,,,
Hematite,https://en.wikipedia.org/wiki/Hematite,Dickinson,Gogebic,Houghton,Iron,Keweenaw,Marquette,,,,,,,,,,,,,,,,,,,
,,,,,,,,,,,,,,,,,,,,,,,,,,
Heulandite,https://en.wikipedia.org/wiki/Heulandite,Keweenaw,,,,,,,,,,,,,,,,,,,,,,,,
Hisingerite,https://en.wikipedia.org/wiki/Hisingerite,Gogebic,,,,,,,,,,,,,,,,,,,,,,,,
Hollandite,https://en.wikipedia.org/wiki/Hollandite,Keweenaw,,,,,,,,,,,,,,,,,,,,,,,,
,,,,,,,,,,,,,,,,,,,,,,,,,,
Hornblende,https://en.wikipedia.org/wiki/Hornblende,Dickinson,Gogebic,Iron,Keweenaw,Marquette,,,,,,,,,,,,,,,,,,,,
Hydrocarbon,https://en.wikipedia.org/wiki/Hydrocarbon,Ontonagon,,,,,,,,,,,,,,,,,,,,,,,,
Hydrohausmannite,https://en.wikipedia.org/wiki/Hydrohausmannite,Iron,,,,,,,,,,,,,,,,,,,,,,,,
Hypersthene,https://en.wikipedia.org/wiki/Hypersthene,Genesee,Keweenaw,Marquette,,,,,,,,,,,,,,,,,,,,,,
Iddingsite,https://en.wikipedia.org/wiki/Iddingsite,Houghton,Keweenaw,,,,,,,,,,,,,,,,,,,,,,,
Illite,https://en.wikipedia.org/wiki/Illite,Baraga,Houghton,Iron,Marquette,Ontonagon,,,,,,,,,,,,,,,,,,,,
Ilmenite,https://en.wikipedia.org/wiki/Ilmenite,Dickinson,Genesee,Gratiot,Houghton,Iron,Keweenaw,,,,,,,,,,,,,,,,,,,
Jacobsite,https://en.wikipedia.org/wiki/Jacobsite,Marquette,,,,,,,,,,,,,,,,,,,,,,,,
Julgoldite,https://en.wikipedia.org/wiki/Julgoldite,Keweenaw,,,,,,,,,,,,,,,,,,,,,,,,
Kamiokite,https://en.wikipedia.org/wiki/Kamiokite,Keweenaw,,,,,,,,,,,,,,,,,,,,,,,,
Kaolinite,https://en.wikipedia.org/wiki/Kaolinite,Gogebic,Houghton,Iron,Keweenaw,Marquette,,,,,,,,,,,,,,,,,,,,
Kinoite,https://en.wikipedia.org/wiki/Kinoite,Houghton,,,,,,,,,,,,,,,,,,,,,,,,
Kutnahorite,https://en.wikipedia.org/wiki/Kutnahorite,Marquette,,,,,,,,,,,,,,,,,,,,,,,,
Kyanite,https://en.wikipedia.org/wiki/Kyanite,Genesee,Iron,Marquette,,,,,,,,,,,,,,,,,,,,,,
Labradorite,https://en.wikipedia.org/wiki/Labradorite,Dickinson,Houghton,Iron,Keweenaw,Marquette,,,,,,,,,,,,,,,,,,,,
,,,,,,,,,,,,,,,,,,,,,,,,,,
Langite,https://en.wikipedia.org/wiki/Langite,Keweenaw,,,,,,,,,,,,,,,,,,,,,,,,
Laumontite,https://en.wikipedia.org/wiki/Laumontite,Dickinson,Gogebic,Houghton,Keweenaw,,,,,,,,,,,,,,,,,,,,,
Lavendulan,https://en.wikipedia.org/wiki/Lavendulan,Keweenaw,,,,,,,,,,,,,,,,,,,,,,,,
Leonhardite,https://en.wikipedia.org/wiki/Leonhardite,Houghton,Keweenaw,,,,,,,,,,,,,,,,,,,,,,,
Lepidocrocite,https://en.wikipedia.org/wiki/Lepidocrocite,Dickinson,,,,,,,,,,,,,,,,,,,,,,,,
Leucoxene,https://en.wikipedia.org/wiki/Leucoxene,Genesee,Houghton,Keweenaw,,,,,,,,,,,,,,,,,,,,,,
,,,,,,,,,,,,,,,,,,,,,,,,,,
Lizardite,https://en.wikipedia.org/wiki/Lizardite,Dickinson,Marquette,,,,,,,,,,,,,,,,,,,,,,,
Mackinawite,https://en.wikipedia.org/wiki/Mackinawite,Marquette,,,,,,,,,,,,,,,,,,,,,,,,
Magnesiosussexite,https://en.wikipedia.org/wiki/Magnesiosussexite,Gogebic,,,,,,,,,,,,,,,,,,,,,,,,
Magnetite,https://en.wikipedia.org/wiki/Magnetite,Baraga,Dickinson,Gogebic,Houghton,Iron,Keweenaw,Marquette,Ontonagon,,,,,,,,,,,,,,,,,
,,,,,,,,,,,,,,,,,,,,,,,,,,
Malachite,https://en.wikipedia.org/wiki/Malachite,Dickinson,Gogebic,Houghton,Marquette,Ontonagon,,,,,,,,,,,,,,,,,,,,
,,,,,,,,,,,,,,,,,,,,,,,,,,
Manganite,https://en.wikipedia.org/wiki/Manganite,Baraga,Gogebic,Houghton,Iron,Marquette,,,,,,,,,,,,,,,,,,,,
,,,,,,,,,,,,,,,,,,,,,,,,,,
Manganocalcite,https://en.wikipedia.org/wiki/Manganocalcite,Marquette,,,,,,,,,,,,,,,,,,,,,,,,
Marcasite,https://en.wikipedia.org/wiki/Marcasite,Alpena,Antrim,Baraga,Calhoun,Chippewa,Dickinson,Eaton,Huron,Iron,Jackson,Marquette,Monroe,Ontonagon,,,,,,,,,,,,
,,,,,,,,,,,,,,,,,,,,,,,,,,
,,,,,,,,,,,,,,,,,,,,,,,,,,
Margarite,https://en.wikipedia.org/wiki/Margarite,Marquette,,,,,,,,,,,,,,,,,,,,,,,,
Maucherite,https://en.wikipedia.org/wiki/Maucherite,Keweenaw,,,,,,,,,,,,,,,,,,,,,,,,
Melanterite,https://en.wikipedia.org/wiki/Melanterite,Baraga,Huron,,,,,,,,,,,,,,,,,,,,,,,
Melilite,https://en.wikipedia.org/wiki/Melilite,Houghton,,,,,,,,,,,,,,,,,,,,,,,,
Mesolite,https://en.wikipedia.org/wiki/Mesolite,Iron,Keweenaw,,,,,,,,,,,,,,,,,,,,,,,
Meta-Autunite,https://en.wikipedia.org/wiki/Meta-Autunite,Iron,,,,,,,,,,,,,,,,,,,,,,,,
Metatorbernite,https://en.wikipedia.org/wiki/Metatorbernite,Iron,,,,,,,,,,,,,,,,,,,,,,,,
Metatyuyamunite,https://en.wikipedia.org/wiki/Metatyuyamunite,Iron,,,,,,,,,,,,,,,,,,,,,,,,
Microcline,https://en.wikipedia.org/wiki/Microcline,Dickinson,Gogebic,Gratiot,Houghton,Iron,Keweenaw,Marquette,Ontonagon,,,,,,,,,,,,,,,,,
,,,,,,,,,,,,,,,,,,,,,,,,,,
Millerite,https://en.wikipedia.org/wiki/Millerite,Huron,Marquette,,,,,,,,,,,,,,,,,,,,,,,
Minnesotaite,https://en.wikipedia.org/wiki/Minnesotaite,Baraga,Gogebic,Marquette,,,,,,,,,,,,,,,,,,,,,,
,,,,,,,,,,,,,,,,,,,,,,,,,,
Mirabilite,https://en.wikipedia.org/wiki/Mirabilite,Dickinson,Houghton,,,,,,,,,,,,,,,,,,,,,,,
Molybdenite,https://en.wikipedia.org/wiki/Molybdenite,Dickinson,Gogebic,Marquette,Ontonagon,,,,,,,,,,,,,,,,,,,,,
Monazite,https://en.wikipedia.org/wiki/Monazite,Houghton,Marquette,,,,,,,,,,,,,,,,,,,,,,,
Montmorillonite,https://en.wikipedia.org/wiki/Montmorillonite,Baraga,Emmet,Gogebic,Houghton,Marquette,Ontonagon,Wexford,,,,,,,,,,,,,,,,,,
,,,,,,,,,,,,,,,,,,,,,,,,,,
,,,,,,,,,,,,,,,,,,,,,,,,,,
,,,,,,,,,,,,,,,,,,,,,,,,,,
Muscovite,https://en.wikipedia.org/wiki/Muscovite,Dickinson,Gogebic,Houghton,Iron,Keweenaw,Marquette,,,,,,,,,,,,,,,,,,,
,,,,,,,,,,,,,,,,,,,,,,,,,,
Nacrite,https://en.wikipedia.org/wiki/Nacrite,Marquette,,,,,,,,,,,,,,,,,,,,,,,,
Nantokite,https://en.wikipedia.org/wiki/Nantokite,Ontonagon,,,,,,,,,,,,,,,,,,,,,,,,
Natrojarosite,https://en.wikipedia.org/wiki/Natrojarosite,Iron,,,,,,,,,,,,,,,,,,,,,,,,
Natrolite,https://en.wikipedia.org/wiki/Natrolite,Houghton,Keweenaw,,,,,,,,,,,,,,,,,,,,,,,
Neltnerite,https://en.wikipedia.org/wiki/Neltnerite,Keweenaw,,,,,,,,,,,,,,,,,,,,,,,,
Neotocite,https://en.wikipedia.org/wiki/Neotocite,Gogebic,Iron,,,,,,,,,,,,,,,,,,,,,,,
Niccolite,https://en.wikipedia.org/wiki/Niccolite,Keweenaw,,,,,,,,,,,,,,,,,,,,,,,,
Nontronite,https://en.wikipedia.org/wiki/Nontronite,Dickinson,Gogebic,Marquette,,,,,,,,,,,,,,,,,,,,,,
,,,,,,,,,,,,,,,,,,,,,,,,,,
Oligoclase,https://en.wikipedia.org/wiki/Oligoclase,Dickinson,Marquette,,,,,,,,,,,,,,,,,,,,,,,
Olivenite,https://en.wikipedia.org/wiki/Olivenite,Houghton,,,,,,,,,,,,,,,,,,,,,,,,
Olivine,https://en.wikipedia.org/wiki/Olivine,Houghton,Iron,Keweenaw,Marquette,,,,,,,,,,,,,,,,,,,,,
,,,,,,,,,,,,,,,,,,,,,,,,,,
Orientite,https://en.wikipedia.org/wiki/Orientite,Keweenaw,,,,,,,,,,,,,,,,,,,,,,,,
Orthoclase,https://en.wikipedia.org/wiki/Orthoclase,Houghton,Keweenaw,Marquette,,,,,,,,,,,,,,,,,,,,,,
,,,,,,,,,,,,,,,,,,,,,,,,,,
Palygorskite,https://en.wikipedia.org/wiki/Palygorskite,Baraga,Gogebic,,,,,,,,,,,,,,,,,,,,,,,
Paragonite,https://en.wikipedia.org/wiki/Paragonite,Dickinson,Marquette,,,,,,,,,,,,,,,,,,,,,,,
Paramelaconite,https://en.wikipedia.org/wiki/Paramelaconite,Ontonagon,,,,,,,,,,,,,,,,,,,,,,,,
Pararammelsbergite,https://en.wikipedia.org/wiki/Pararammelsbergite,Keweenaw,,,,,,,,,,,,,,,,,,,,,,,,
Paratacamite,https://en.wikipedia.org/wiki/Paratacamite,Houghton,Ontonagon,,,,,,,,,,,,,,,,,,,,,,,
Pargasite,https://en.wikipedia.org/wiki/Pargasite,Marquette,,,,,,,,,,,,,,,,,,,,,,,,
Patricianite,https://en.wikipedia.org/wiki/Patricianite,Keweenaw,,,,,,,,,,,,,,,,,,,,,,,,
Pectolite,https://en.wikipedia.org/wiki/Pectolite,Keweenaw,,,,,,,,,,,,,,,,,,,,,,,,
Pennine,https://en.wikipedia.org/wiki/Pennine,Dickinson,Houghton,Keweenaw,,,,,,,,,,,,,,,,,,,,,,
,,,,,,,,,,,,,,,,,,,,,,,,,,
Pentlandite,https://en.wikipedia.org/wiki/Pentlandite,Marquette,,,,,,,,,,,,,,,,,,,,,,,,
Pharmacolite,https://en.wikipedia.org/wiki/Pharmacolite,Keweenaw,,,,,,,,,,,,,,,,,,,,,,,,
Phlogopite,https://en.wikipedia.org/wiki/Phlogopite,Dickinson,Iron,Marquette,,,,,,,,,,,,,,,,,,,,,,
Picropharmacolite,https://en.wikipedia.org/wiki/Picropharmacolite,Keweenaw,,,,,,,,,,,,,,,,,,,,,,,,
Pigeonite,https://en.wikipedia.org/wiki/Pigeonite,Dickinson,Iron,Keweenaw,Marquette,Ontonagon,,,,,,,,,,,,,,,,,,,,
Plancheite,https://en.wikipedia.org/wiki/Plancheite,Ontonagon,,,,,,,,,,,,,,,,,,,,,,,,
Polyhalite,https://en.wikipedia.org/wiki/Polyhalite,Newaygo,Wayne,,,,,,,,,,,,,,,,,,,,,,,
Posnjakite,https://en.wikipedia.org/wiki/Posnjakite,Keweenaw,,,,,,,,,,,,,,,,,,,,,,,,
Powellite,https://en.wikipedia.org/wiki/Powellite,Houghton,Marquette,,,,,,,,,,,,,,,,,,,,,,,
Prehnite,https://en.wikipedia.org/wiki/Prehnite,Gratiot,Houghton,Keweenaw,Ontonagon,,,,,,,,,,,,,,,,,,,,,
Prochlorite,https://en.wikipedia.org/wiki/Prochlorite,Houghton,Keweenaw,Marquette,,,,,,,,,,,,,,,,,,,,,,
,,,,,,,,,,,,,,,,,,,,,,,,,,
Pseudomalachite,https://en.wikipedia.org/wiki/Pseudomalachite,Marquette,,,,,,,,,,,,,,,,,,,,,,,,
Psilomelane,https://en.wikipedia.org/wiki/Psilomelane,Calhoun,Dickinson,Gogebic,Iron,Marquette,,,,,,,,,,,,,,,,,,,,
Pumpellyite,https://en.wikipedia.org/wiki/Pumpellyite,Houghton,Keweenaw,,,,,,,,,,,,,,,,,,,,,,,
Pyrite,https://en.wikipedia.org/wiki/Pyrite,Alger,Alpena,Antrim,Baraga,Branch,Calhoun,Clare,Dickinson,Eaton,Gogebic,Gratiot,Houghton,Huron,Iron,Jackson,Keweenaw,Marquette,Monroe,Newaygo,Ogemaw,Ontonagon,Presque Isle,Saginaw,Washtenaw,Wayne
Pyrolusite,https://en.wikipedia.org/wiki/Pyrolusite,Baraga,Calhoun,Gogebic,Iron,Keweenaw,Marquette,,,,,,,,,,,,,,,,,,,
Pyrope,https://en.wikipedia.org/wiki/Pyrope,Iron,,,,,,,,,,,,,,,,,,,,,,,,
Pyrophyllite,https://en.wikipedia.org/wiki/Pyrophyllite,Marquette,,,,,,,,,,,,,,,,,,,,,,,,
Pyrostilpnite,https://en.wikipedia.org/wiki/Pyrostilpnite,Marquette,,,,,,,,,,,,,,,,,,,,,,,,
Pyrrhotite,https://en.wikipedia.org/wiki/Pyrrhotite,Dickinson,Houghton,Iron,Marquette,,,,,,,,,,,,,,,,,,,,,
Quartz,https://en.wikipedia.org/wiki/Quartz,Alger,Antrim,Arenac,Charlevoix,Chippewa,Dickinson,Gogebic,Houghton,Huron,Iron,Keweenaw,Luce,Marquette,Monroe,Ontonagon,Schoolcraft,VanBuren,Wayne,,,,,,,
,,,,,,,,,,,,,,,,,,,,,,,,,,
,,,,,,,,,,,,,,,,,,,,,,,,,,
Rammelsbergite,https://en.wikipedia.org/wiki/Rammelsbergite,Keweenaw,,,,,,,,,,,,,,,,,,,,,,,,
Rauenthalite,https://en.wikipedia.org/wiki/Rauenthalite,Keweenaw,,,,,,,,,,,,,,,,,,,,,,,,
Rhodochrosite,https://en.wikipedia.org/wiki/Rhodochrosite,Gogebic,Houghton,Iron,Keweenaw,Marquette,,,,,,,,,,,,,,,,,,,,
,,,,,,,,,,,,,,,,,,,,,,,,,,
Rhodonite,https://en.wikipedia.org/wiki/Rhodonite,Iron,Marquette,,,,,,,,,,,,,,,,,,,,,,,
Riebeckite,https://en.wikipedia.org/wiki/Riebeckite,Dickinson,Gogebic,Marquette,,,,,,,,,,,,,,,,,,,,,,
,,,,,,,,,,,,,,,,,,,,,,,,,,
Rutherfordine,https://en.wikipedia.org/wiki/Rutherfordine,Dickinson,,,,,,,,,,,,,,,,,,,,,,,,
Rutile,https://en.wikipedia.org/wiki/Rutile,Iron,Marquette,,,,,,,,,,,,,,,,,,,,,,,
Sanidine,https://en.wikipedia.org/wiki/Sanidine,Iron,Keweenaw,Ontonagon,,,,,,,,,,,,,,,,,,,,,,
Saponite,https://en.wikipedia.org/wiki/Saponite,Houghton,Keweenaw,Ontonagon,,,,,,,,,,,,,,,,,,,,,,
,,,,,,,,,,,,,,,,,,,,,,,,,,
Scapolite,https://en.wikipedia.org/wiki/Scapolite,Dickinson,,,,,,,,,,,,,,,,,,,,,,,,
Scheelite,https://en.wikipedia.org/wiki/Scheelite,Marquette,,,,,,,,,,,,,,,,,,,,,,,,
Schefferite,https://en.wikipedia.org/wiki/Schefferite,Marquette,,,,,,,,,,,,,,,,,,,,,,,,
Seamanite,https://en.wikipedia.org/wiki/Seamanite,Iron,,,,,,,,,,,,,,,,,,,,,,,,
Siderite,https://en.wikipedia.org/wiki/Siderite,Alpena,Branch,Dickinson,Eaton,Gogebic,Houghton,Huron,Iron,Marquette,,,,,,,,,,,,,,,,
,,,,,,,,,,,,,,,,,,,,,,,,,,
,,,,,,,,,,,,,,,,,,,,,,,,,,
Sillimanite,https://en.wikipedia.org/wiki/Sillimanite,Iron,Marquette,,,,,,,,,,,,,,,,,,,,,,,
Silver,https://en.wikipedia.org/wiki/Silver,Baraga,Dickinson,Houghton,Iron,Livingston,Marquette,Ontonagon,,,,,,,,,,,,,,,,,,
,,,,,,,,,,,,,,,,,,,,,,,,,,
,,,,,,,,,,,,,,,,,,,,,,,,,,
Smaltite,https://en.wikipedia.org/wiki/Smaltite,Keweenaw,,,,,,,,,,,,,,,,,,,,,,,,
Spessartite,https://en.wikipedia.org/wiki/Spessartite,Marquette,,,,,,,,,,,,,,,,,,,,,,,,
Sphalerite,https://en.wikipedia.org/wiki/Sphalerite,Alpena,Baraga,Branch,Eaton,Gogebic,Huron,Iron,Keweenaw,Marquette,Ontonagon,Tuscola,,,,,,,,,,,,,,
Sphene,https://en.wikipedia.org/wiki/Sphene,Gogebic,Gratiot,Houghton,Iron,Marquette,Ontonagon,,,,,,,,,,,,,,,,,,,
Spinel,https://en.wikipedia.org/wiki/Spinel,Huron,Iron,Marquette,,,,,,,,,,,,,,,,,,,,,,
Spodumene,https://en.wikipedia.org/wiki/Spodumene,Marquette,,,,,,,,,,,,,,,,,,,,,,,,
Staurolite,https://en.wikipedia.org/wiki/Staurolite,Baraga,Dickinson,Iron,Marquette,,,,,,,,,,,,,,,,,,,,,
,,,,,,,,,,,,,,,,,,,,,,,,,,
Stilbite,https://en.wikipedia.org/wiki/Stilbite,Houghton,Keweenaw,,,,,,,,,,,,,,,,,,,,,,,
Stilpnomelane,https://en.wikipedia.org/wiki/Stilpnomelane,Gogebic,Iron,Marquette,,,,,,,,,,,,,,,,,,,,,,
,,,,,,,,,,,,,,,,,,,,,,,,,,
Strontianite,https://en.wikipedia.org/wiki/Strontianite,Alpena,Iron,Monroe,,,,,,,,,,,,,,,,,,,,,,
Sulfur,https://en.wikipedia.org/wiki/Sulfur,Monroe,,,,,,,,,,,,,,,,,,,,,,,,
Sussexite,https://en.wikipedia.org/wiki/Sussexite,Iron,,,,,,,,,,,,,,,,,,,,,,,,
Sylvite,https://en.wikipedia.org/wiki/Sylvite,Midl,Newaygo,,,,,,,,,,,,,,,,,,,,,,,
Synchisite,https://en.wikipedia.org/wiki/Synchisite,Ontonagon,,,,,,,,,,,,,,,,,,,,,,,,
Talc,https://en.wikipedia.org/wiki/Talc,Dickinson,Gogebic,Iron,Marquette,,,,,,,,,,,,,,,,,,,,,
,,,,,,,,,,,,,,,,,,,,,,,,,,
Tellurium,https://en.wikipedia.org/wiki/Tellurium,Marquette,,,,,,,,,,,,,,,,,,,,,,,,
Tenorite,https://en.wikipedia.org/wiki/Tenorite,Keweenaw,Ontonagon,,,,,,,,,,,,,,,,,,,,,,,
Tetrahedrite,https://en.wikipedia.org/wiki/Tetrahedrite,Marquette,,,,,,,,,,,,,,,,,,,,,,,,
Thomsonite,https://en.wikipedia.org/wiki/Thomsonite,Alger,Houghton,Keweenaw,,,,,,,,,,,,,,,,,,,,,,
,,,,,,,,,,,,,,,,,,,,,,,,,,
Thuringite,https://en.wikipedia.org/wiki/Thuringite,Houghton,Keweenaw,,,,,,,,,,,,,,,,,,,,,,,
Tourmaline,https://en.wikipedia.org/wiki/Tourmaline,Dickinson,Houghton,Iron,Marquette,Monroe,,,,,,,,,,,,,,,,,,,,
Tremolite,https://en.wikipedia.org/wiki/Tremolite,Dickinson,Gogebic,Gratiot,Houghton,Iron,Marquette,,,,,,,,,,,,,,,,,,,
Trichalcite,https://en.wikipedia.org/wiki/Trichalcite,Keweenaw,,,,,,,,,,,,,,,,,,,,,,,,
Tridymite,https://en.wikipedia.org/wiki/Tridymite,Ontonagon,,,,,,,,,,,,,,,,,,,,,,,,
Tyrolite,https://en.wikipedia.org/wiki/Tyrolite,Keweenaw,,,,,,,,,,,,,,,,,,,,,,,,
Uraninite,https://en.wikipedia.org/wiki/Uraninite,Dickinson,Iron,,,,,,,,,,,,,,,,,,,,,,,
Uvarovite,https://en.wikipedia.org/wiki/Uvarovite,Genesee,,,,,,,,,,,,,,,,,,,,,,,,
Vermiculite,https://en.wikipedia.org/wiki/Vermiculite,Houghton,Keweenaw,Marquette,,,,,,,,,,,,,,,,,,,,,,
,,,,,,,,,,,,,,,,,,,,,,,,,,
Violarite,https://en.wikipedia.org/wiki/Violarite,Marquette,,,,,,,,,,,,,,,,,,,,,,,,
Vivianite,https://en.wikipedia.org/wiki/Vivianite,Eaton,,,,,,,,,,,,,,,,,,,,,,,,
,,,,,,,,,,,,,,,,,,,,,,,,,,
Vladimirite,https://en.wikipedia.org/wiki/Vladimirite,Keweenaw,,,,,,,,,,,,,,,,,,,,,,,,
Wollastonite,https://en.wikipedia.org/wiki/Wollastonite,Dickinson,Keweenaw,,,,,,,,,,,,,,,,,,,,,,,
Wurtzite,https://en.wikipedia.org/wiki/Wurtzite,Ontonagon,,,,,,,,,,,,,,,,,,,,,,,,
Xonotlite,https://en.wikipedia.org/wiki/Xonotlite,Keweenaw,,,,,,,,,,,,,,,,,,,,,,,,
Zircon,https://en.wikipedia.org/wiki/Zircon,Dickinson,Houghton,Keweenaw,Marquette,Ontonagon,,,,,,,,,,,,,,,,,,,,
Zoisite,https://en.wikipedia.org/wiki/Zoisite,Dickinson,Genesee,,,,,,,,,,,,,,,,,,,,,,,
Zonochlorite,https://en.wikipedia.org/wiki/Zonochlorite,Keweenaw,,,,,,,,,,,,,,,,,,,,,,,,
